Time, Count
0, 0
4, 0
7, 0
9, 0
11, 0
13, 0
20, 1
23, 1
25, 1
27, 2
31, 2
32, 2
35, 3
37, 3
40, 3
42, 4
44, 4
47, 4
48, 5
50, 5
52, 6
55, 6
57, 6
58, 7
60, 7
62, 8
65, 8
66, 8
69, 9
71, 9
74, 10
75, 10
77, 11
79, 11
82, 12
84, 12
85, 12
87, 13
89, 14
91, 14
93, 14
95, 15
99, 16
100, 16
102, 17
104, 17
107, 18
108, 18
110, 18
112, 19
115, 20
116, 20
118, 20
121, 21
123, 22
124, 22
126, 22
128, 23
131, 24
132, 24
134, 24
136, 25
139, 26
140, 26
143, 27
144, 27
146, 28
148, 28
151, 29
152, 29
154, 30
156, 30
159, 31
160, 31
164, 32
165, 33
167, 33
170, 34
171, 34
173, 35
175, 36
178, 36
179, 37
181, 37
183, 38
187, 39
188, 39
190, 40
193, 40
194, 41
196, 41
198, 42
201, 42
203, 43
205, 44
208, 44
210, 45
211, 45
214, 46
215, 46
217, 47
220, 48
222, 48
223, 48
225, 49
228, 50
230, 50
231, 51
233, 51
236, 52
237, 52
239, 53
241, 53
244, 54
245, 54
247, 55
249, 56
251, 56
254, 57
255, 57
257, 58
259, 58
262, 59
265, 60
267, 60
268, 61
270, 62
273, 62
275, 63
276, 63
278, 64
281, 64
283, 65
285, 66
286, 66
289, 66
291, 67
292, 67
294, 68
297, 69
298, 69
300, 70
303, 70
304, 71
306, 71
309, 72
311, 72
312, 73
315, 73
317, 74
318, 74
320, 75
323, 76
324, 76
326, 76
328, 77
331, 78
333, 78
336, 79
337, 80
339, 80
342, 81
344, 81
346, 82
349, 83
361, 86
366, 88
368, 88
371, 89
373, 89
374, 90
376, 90
379, 91
381, 91
382, 92
384, 92
386, 93
389, 94
390, 94
392, 94
395, 95
397, 96
398, 96
400, 97
403, 97
405, 98
406, 98
408, 99
410, 99
413, 100
414, 100
416, 101
418, 101
421, 102
422, 102
425, 103
426, 104
428, 104
431, 105
432, 105
434, 106
436, 106
439, 107
441, 108
443, 108
446, 109
447, 109
449, 110
451, 110
454, 111
455, 111
457, 112
459, 112
462, 113
463, 114
465, 114
467, 115
470, 115
471, 116
473, 116
475, 117
478, 117
480, 118
481, 118
484, 119
485, 119
487, 120
490, 120
491, 121
493, 121
495, 122
498, 123
499, 123
501, 124
503, 124
505, 125
507, 125
509, 126
511, 126
513, 127
518, 128
520, 128
521, 129
523, 130
525, 130
528, 131
529, 131
531, 132
533, 132
536, 133
537, 133
539, 134
541, 134
544, 135
547, 136
548, 136
550, 137
552, 138
555, 138
559, 139
561, 140
564, 140
566, 141
569, 142
570, 142
572, 143
574, 143
577, 144
578, 144
580, 145
582, 145
585, 146
587, 146
588, 147
590, 147
593, 148
594, 148
596, 149
598, 150
600, 150
603, 151
604, 151
606, 152
608, 152
611, 153
613, 154
614, 154
616, 154
619, 155
621, 156
622, 156
625, 157
626, 157
630, 158
631, 158
633, 159
636, 160
637, 160
639, 161
641, 161
644, 162
646, 162
647, 163
649, 163
651, 164
654, 164
656, 165
657, 165
660, 166
662, 167
663, 167
665, 168
667, 168
670, 169
671, 169
673, 170
675, 170
678, 171
679, 171
682, 172
683, 172
686, 173
688, 174
691, 174
693, 175
694, 175
696, 176
701, 177
703, 178
706, 178
707, 179
709, 180
711, 180
720, 182
723, 183
725, 184
728, 184
730, 185
732, 186
735, 186
736, 187
738, 187
740, 188
742, 188
745, 189
747, 190
748, 190
751, 190
753, 191
754, 191
757, 192
758, 192
760, 193
762, 194
765, 194
767, 195
768, 195
770, 196
773, 196
775, 197
776, 197
778, 198
781, 199
782, 199
784, 200
788, 200
789, 201
791, 202
793, 202
796, 203
797, 203
799, 204
801, 204
804, 205
805, 205
807, 206
810, 206
811, 207
813, 207
815, 208
818, 209
820, 209
821, 210
823, 210
826, 211
827, 211
829, 212
832, 212
833, 213
836, 213
838, 214
839, 214
841, 215
843, 215
845, 216
848, 217
849, 217
854, 218
855, 219
857, 219
859, 220
862, 220
863, 221
865, 221
867, 222
870, 222
871, 223
873, 224
875, 224
878, 225
879, 225
881, 226
883, 226
887, 227
888, 228
890, 228
892, 229
895, 229
897, 230
898, 230
900, 231
903, 232
904, 232
907, 232
908, 233
910, 234
913, 234
915, 235
916, 235
918, 236
921, 236
923, 237
924, 237
927, 238
928, 238
930, 239
932, 239
935, 240
937, 240
938, 241
940, 241
943, 242
944, 242
946, 243
948, 244
951, 244
952, 244
954, 245
957, 246
958, 246
961, 247
962, 247
964, 248
967, 248
968, 249
970, 249
973, 250
974, 250
976, 251
978, 252
980, 252
983, 253
984, 253
986, 254
989, 254
990, 255
992, 255
994, 256
996, 256
999, 257
1000, 258
1002, 258
1004, 259
1007, 259
1008, 260
1010, 260
1012, 261
1014, 261
1016, 262
1018, 262
1020, 263
1022, 263
1025, 264
1026, 264
1029, 265
1030, 265
1032, 266
1035, 266
1037, 267
1038, 267
1040, 268
1044, 269
1046, 270
1049, 270
1050, 270
1053, 271
1055, 272
1056, 272
1058, 272
1060, 273
1066, 275
1068, 275
1069, 276
1071, 276
1074, 277
1075, 277
1077, 278
1079, 278
1081, 279
1084, 279
1085, 280
1087, 280
1089, 281
1092, 282
1093, 282
1095, 282
1097, 283
1100, 284
1101, 284
1103, 285
1106, 285
1108, 286
1109, 286
1111, 287
1113, 287
1116, 288
1117, 288
1119, 289
1121, 289
1124, 290
1126, 290
1127, 291
1129, 291
1132, 292
1133, 292
1135, 293
1137, 294
1140, 294
1142, 295
1143, 295
1145, 296
1148, 296
1151, 297
1153, 298
1154, 298
1156, 298
1158, 299
1161, 300
1162, 300
1164, 301
1166, 301
1169, 302
1170, 302
1172, 303
1183, 306
1186, 306
1189, 307
1191, 308
1192, 308
1194, 308
1196, 309
1200, 310
1201, 310
1203, 311
1205, 311
1207, 312
1210, 312
1211, 313
1213, 313
1215, 314
1218, 314
1219, 315
1221, 315
1223, 316
1226, 317
1227, 317
1229, 318
1231, 318
1234, 319
1235, 319
1237, 320
1240, 320
1241, 321
1243, 321
1245, 322
1248, 322
1249, 323
1255, 324
1258, 325
1261, 326
1263, 327
1264, 327
1266, 328
1269, 328
1270, 329
1272, 329
1274, 330
1277, 330
1278, 331
1280, 331
1283, 332
1285, 332
1286, 333
1288, 333
1290, 334
1293, 334
1295, 335
1296, 335
1298, 336
1301, 336
1302, 337
1304, 337
1306, 338
1309, 338
1310, 339
1312, 340
1314, 340
1323, 342
1326, 343
1329, 344
1331, 344
1332, 345
1334, 345
1336, 346
1339, 347
1341, 347
1342, 348
1345, 348
1347, 349
1349, 349
1350, 350
1353, 350
1355, 351
1356, 351
1358, 352
1361, 352
1363, 353
1364, 354
1366, 354
1369, 354
1371, 355
1373, 356
1376, 356
1378, 357
1379, 357
1381, 358
1384, 359
1385, 359
1387, 359
1389, 360
1392, 361
1395, 362
1398, 362
1399, 362
1401, 363
1403, 364
1406, 364
1408, 365
1409, 365
1411, 366
1414, 366
1416, 367
1417, 367
1419, 368
1422, 369
1424, 369
1425, 370
1427, 370
1430, 371
1431, 371
1433, 372
1435, 372
1438, 373
1439, 373
1441, 374
1443, 374
1447, 375
1448, 376
1450, 376
1452, 377
1455, 378
1456, 378
1463, 380
1464, 380
1467, 381
1468, 381
1470, 382
1472, 382
1475, 383
1476, 383
1478, 384
1481, 384
1483, 385
1485, 385
1486, 386
1489, 386
1491, 387
1493, 388
1494, 388
1497, 388
1499, 389
1500, 389
1502, 390
1505, 390
1507, 391
1509, 392
1510, 392
1512, 393
1515, 393
1516, 394
1518, 394
1520, 395
1523, 395
1525, 396
1526, 396
1528, 397
1531, 398
1533, 398
1534, 398
1536, 399
1539, 400
1541, 400
1544, 401
1545, 402
1548, 402
1550, 403
1553, 403
1554, 404
1556, 404
1558, 405
1561, 405
1562, 406
1564, 406
1566, 407
1569, 408
1570, 408
1572, 408
1574, 409
1576, 410
1579, 410
1580, 410
1582, 411
1584, 412
1587, 412
1588, 412
1590, 413
1592, 414
1595, 414
1596, 415
1607, 418
1608, 418
1611, 419
1612, 419
1614, 420
1617, 420
1619, 421
1622, 422
1625, 422
1627, 423
1629, 424
1631, 424
1634, 425
1635, 425
1637, 426
1639, 426
1644, 428
1645, 428
1647, 428
1650, 429
1651, 429
1653, 430
1655, 430
1658, 431
1659, 431
1661, 432
1663, 432
1666, 433
1667, 433
1669, 434
1671, 434
1674, 435
1676, 436
1677, 436
1680, 436
1682, 437
1683, 438
1685, 438
1687, 439
1690, 439
1691, 440
1693, 440
1695, 441
1698, 441
1699, 442
1701, 442
1703, 443
1706, 444
1708, 444
1709, 444
1711, 445
1713, 446
1716, 446
1717, 446
1719, 447
1721, 448
1723, 448
1725, 449
1727, 449
1729, 450
1731, 450
1734, 451
1735, 451
1737, 452
1745, 454
1748, 454
1751, 455
1753, 456
1754, 456
1756, 457
1759, 457
1760, 458
1762, 458
1764, 459
1767, 459
1768, 460
1770, 460
1773, 461
1775, 462
1776, 462
1778, 462
1780, 463
1783, 464
1785, 464
1788, 465
1790, 466
1791, 466
1793, 466
1796, 467
1797, 467
1799, 468
1801, 468
1806, 470
1808, 470
1811, 471
1812, 472
1814, 472
1816, 472
1819, 473
1820, 474
1826, 475
1827, 475
1829, 476
1831, 476
1834, 477
1836, 478
1838, 478
1841, 479
1843, 479
1844, 480
1846, 480
1849, 481
1851, 481
1852, 482
1854, 482
1857, 483
1859, 483
1860, 484
1862, 484
1864, 485
1867, 485
1869, 486
1870, 486
1872, 487
1875, 488
1876, 488
1878, 488
1887, 491
1890, 492
1892, 492
1894, 493
1897, 494
1898, 494
1900, 494
1903, 495
1905, 496
1906, 496
1908, 496
1911, 497
1913, 498
1914, 498
1916, 498
1918, 499
1921, 500
1922, 500
1924, 501
1926, 501
1928, 502
1931, 502
1932, 503
1934, 503
1936, 504
1939, 504
1940, 505
1943, 505
1945, 506
1946, 506
1948, 507
1951, 508
1953, 508
1954, 508
1956, 509
1959, 510
1960, 510
1963, 511
1965, 511
1966, 512
1968, 512
1971, 513
1972, 513
1974, 514
1977, 514
1978, 515
1980, 515
1982, 516
1985, 517
1986, 517
1991, 518
1993, 519
1994, 519
1996, 520
1999, 520
2001, 521
2002, 521
2004, 522
2006, 522
2009, 523
2012, 524
2013, 524
2015, 525
2018, 525
2020, 526
2028, 528
2031, 529
2034, 529
2036, 530
2037, 530
2039, 531
2042, 532
2044, 532
2045, 532
2047, 533
2050, 534
2051, 534
2053, 534
2055, 535
2058, 536
2059, 536
2062, 537
2064, 538
2067, 538
2070, 539
2072, 540
2073, 540
2075, 541
2078, 541
2079, 542
2081, 542
2083, 543
2086, 543
2087, 544
2089, 544
2091, 545
2094, 545
2096, 546
2097, 546
2099, 547
2102, 547
2104, 548
2106, 549
2107, 549
2109, 550
2112, 550
2113, 550
2115, 551
2117, 552
2119, 552
2122, 553
2123, 553
2125, 554
2127, 554
2129, 555
2132, 555
2133, 556
2135, 556
2137, 557
2140, 557
2142, 558
2143, 558
2145, 559
2154, 561
2155, 562
2159, 562
2160, 563
2162, 564
2165, 564
2166, 564
2168, 565
2170, 566
2173, 566
2175, 567
2176, 567
2178, 568
2180, 568
2183, 569
2185, 570
2186, 570
2190, 571
2192, 571
2194, 572
2197, 572
2198, 573
2200, 573
2202, 574
2205, 574
2206, 575
2208, 575
2210, 576
2213, 577
2214, 577
2216, 578
2219, 578
2220, 578
2223, 579
2225, 580
2228, 580
2229, 581
2231, 581
2234, 582
2236, 583
2237, 583
2239, 584
2241, 584
2244, 585
2245, 585
2247, 586
2249, 586
2251, 587
2254, 588
2256, 588
2257, 588
2259, 589
2262, 590
2263, 590
2265, 590
2267, 591
2270, 592
2272, 592
2273, 593
2275, 593
2278, 594
2280, 594
2281, 595
2284, 595
2285, 596
2287, 596
2289, 597
2292, 597
2294, 598
2301, 600
2304, 600
2306, 601
2308, 601
2310, 602
2311, 602
2313, 603
2315, 603
2318, 604
2319, 604
2321, 605
2323, 605
2326, 606
2328, 607
2329, 607
2331, 608
2334, 608
2337, 609
2339, 610
2342, 610
2344, 611
2345, 611
2347, 612
2349, 612
2352, 613
2354, 614
2355, 614
2357, 614
2360, 615
2362, 616
2364, 616
2366, 617
2369, 617
2371, 618
2373, 618
2376, 619
2377, 620
2379, 620
2382, 621
2384, 621
2385, 622
2387, 622
2390, 623
2392, 623
2396, 624
2398, 625
2399, 625
2401, 626
2403, 626
2406, 627
2407, 627
2409, 628
2411, 628
2414, 629
2416, 630
2417, 630
2419, 630
2421, 631
2424, 632
2425, 632
2427, 632
2429, 633
2432, 634
2434, 634
2435, 635
2437, 635
2440, 636
2443, 637
2444, 637
2447, 638
2449, 638
2450, 639
2452, 639
2455, 640
2457, 640
2459, 641
2461, 642
2464, 642
2466, 643
2467, 643
2469, 644
2472, 644
2474, 645
2475, 645
2477, 646
2480, 646
2481, 647
2483, 647
2485, 648
2488, 648
2490, 649
2491, 649
2493, 650
2495, 650
2498, 651
2499, 651
2501, 652
2503, 652
2505, 653
2507, 653
2509, 654
2512, 654
2514, 655
2515, 655
2517, 656
2520, 656
2522, 657
2523, 657
2525, 658
2528, 659
2530, 659
2531, 660
2533, 660
2535, 661
2538, 661
2540, 662
2541, 662
2543, 663
2546, 663
2547, 664
2549, 664
2551, 665
2553, 665
2556, 666
2557, 666
2559, 667
2561, 668
2564, 668
2566, 669
2569, 669
2570, 670
2572, 670
2574, 671
2582, 673
2583, 673
2587, 674
2588, 674
2590, 675
2593, 676
2595, 676
2596, 676
2599, 677
2601, 678
2602, 678
2604, 678
2606, 679
2609, 680
2616, 682
2618, 682
2621, 683
2623, 684
2625, 684
2627, 685
2630, 685
2631, 686
2633, 686
2635, 687
2638, 687
2643, 689
2646, 689
2648, 690
2649, 690
2651, 691
2653, 692
2656, 692
2657, 692
2659, 693
2661, 694
2664, 694
2665, 695
2667, 695
2670, 696
2672, 696
2673, 697
2675, 697
2678, 698
2680, 698
2681, 699
2683, 699
2686, 700
2688, 700
2691, 701
2692, 702
2694, 702
2696, 702
2699, 703
2701, 704
2702, 704
2704, 705
2706, 705
2709, 706
2710, 706
2712, 707
2715, 707
2717, 708
2718, 708
2720, 709
2723, 710
2724, 710
2726, 710
2728, 711
2731, 712
2732, 712
2734, 713
2736, 713
2744, 715
2746, 716
2749, 716
2751, 717
2752, 717
2754, 718
2757, 718
2760, 719
2762, 720
2763, 720
2765, 721
2768, 721
2770, 722
2771, 722
2773, 723
2775, 723
2778, 724
2779, 724
2781, 725
2783, 725
2786, 726
2788, 727
2789, 727
2792, 728
2794, 728
2795, 728
2797, 729
2800, 730
2801, 730
2803, 731
2806, 731
2810, 732
2811, 733
2813, 733
2816, 734
2817, 734
2819, 735
2821, 736
2823, 736
2826, 737
2828, 737
2829, 738
2834, 739
2836, 739
2837, 740
2839, 740
2841, 741
2844, 741
2846, 742
2847, 742
2849, 743
2852, 743
2854, 744
2855, 744
2858, 745
2859, 745
2861, 746
2863, 746
2866, 747
2867, 747
2869, 748
2872, 748
2873, 749
2875, 749
2877, 750
2880, 750
2882, 751
2883, 751
2885, 752
2888, 752
2890, 753
2891, 754
2893, 754
2896, 755
2897, 755
2899, 756
2901, 756
2904, 757
2905, 757
2908, 758
2909, 758
2911, 759
2913, 759
2915, 760
2918, 760
2919, 761
2921, 762
2923, 762
2926, 762
2928, 763
2929, 764
2931, 764
2933, 764
2936, 765
2938, 766
2939, 766
2941, 766
2943, 767
2946, 768
2947, 768
2949, 769
2951, 769
2954, 770
2956, 770
2958, 771
2959, 771
2961, 772
2964, 772
2965, 773
2968, 773
2969, 774
2971, 774
2973, 775
2976, 776
2978, 776
2981, 777
2982, 777
2984, 778
2986, 778
2989, 779
2990, 779
3001, 782
3004, 783
3006, 783
3008, 784
3009, 784
3011, 785
3015, 786
3016, 786
3018, 786
3020, 787
3023, 788
3024, 788
3026, 788
3028, 789
3030, 790
3032, 790
3034, 791
3036, 791
3038, 792
3040, 792
3042, 793
3045, 793
3046, 794
3048, 794
3050, 795
3053, 795
3054, 796
3056, 796
3058, 797
3061, 797
3062, 798
3064, 798
3066, 799
3069, 799
3070, 800
3072, 800
3074, 801
3076, 802
3079, 802
3081, 803
3082, 803
3084, 803
3087, 804
3089, 805
3092, 805
3093, 806
3095, 806
3097, 807
3100, 808
3101, 808
3103, 808
3105, 809
3108, 810
3109, 810
3111, 810
3113, 811
3116, 812
3117, 812
3119, 812
3122, 813
3124, 814
3125, 814
3128, 815
3131, 815
3132, 816
3134, 816
3136, 817
3138, 817
3141, 818
3142, 818
3144, 819
3146, 819
3149, 820
3150, 820
3152, 821
3154, 822
3157, 822
3159, 823
3161, 823
3164, 824
3165, 824
3167, 825
3169, 825
3171, 826
3174, 827
3175, 827
3180, 828
3181, 828
3184, 829
3186, 830
3187, 830
3189, 831
3192, 831
3193, 832
3195, 832
3197, 833
3199, 833
3204, 835
3207, 835
3208, 836
3210, 836
3214, 837
3215, 837
3217, 838
3220, 838
3222, 839
3223, 839
3225, 840
3227, 840
3229, 841
3231, 841
3233, 842
3236, 842
3238, 843
3239, 844
3241, 844
3244, 845
3246, 845
3247, 846
3250, 846
3253, 847
3254, 847
3256, 848
3259, 849
3261, 849
3262, 850
3264, 850
3266, 851
3269, 851
3270, 852
3272, 852
3274, 853
3276, 854
3279, 854
3280, 854
3282, 855
3284, 856
3287, 856
3288, 856
3290, 857
3292, 858
3295, 858
3296, 859
3298, 859
3300, 860
3303, 860
3304, 861
3306, 861
3309, 862
3310, 862
3312, 863
3315, 863
3316, 864
3318, 864
3321, 865
3322, 865
3324, 866
3326, 866
3328, 867
3330, 867
3332, 868
3334, 868
3340, 870
3342, 870
3343, 871
3345, 871
3348, 872
3349, 872
3351, 873
3354, 874
3355, 874
3357, 874
3359, 875
3362, 876
3363, 876
3365, 877
3367, 877
3369, 878
3372, 878
3373, 879
3375, 879
3378, 880
3381, 881
3383, 881
3384, 882
3386, 882
3389, 883
3391, 883
3392, 884
3394, 884
3396, 885
3399, 885
3400, 886
3409, 888
3412, 889
3414, 889
3415, 890
3417, 890
3419, 891
3422, 891
3424, 892
3425, 892
3427, 893
3430, 893
3432, 894
3433, 894
3435, 895
3437, 895
3440, 896
3442, 897
3443, 897
3445, 898
3448, 898
3450, 899
3451, 899
3453, 900
3455, 900
3458, 901
3459, 901
3461, 902
3463, 902
3466, 903
3467, 903
3470, 904
3472, 905
3475, 905
3476, 906
3478, 906
3481, 907
3482, 907
3484, 908
3486, 908
3489, 909
3493, 910
3494, 910
3496, 911
3498, 911
3500, 912
3509, 914
3513, 915
3515, 915
3517, 916
3518, 916
3520, 917
3523, 917
3525, 918
3526, 918
3528, 919
3530, 920
3533, 920
3534, 920
3536, 921
3538, 922
3541, 922
3542, 922
3544, 923
3547, 924
3549, 924
3551, 925
3554, 926
3555, 926
3557, 926
3559, 927
3562, 928
3563, 928
3568, 929
3569, 930
3571, 930
3574, 931
3575, 931
3577, 932
3579, 932
3582, 933
3584, 933
3585, 934
3589, 935
3592, 935
3593, 936
3595, 936
3597, 937
3600, 937
3602, 938
3603, 938
3605, 939
3607, 939
3610, 940
3612, 940
3613, 941
3615, 941
3618, 942
3620, 942
3621, 943
3623, 943
3625, 944
3628, 945
3631, 945
3632, 946
3634, 946
3637, 947
3638, 947
3640, 948
3642, 948
3644, 949
3647, 950
3650, 950
3652, 951
3654, 952
3657, 952
3658, 952
3660, 953
3662, 954
3665, 954
3667, 955
3668, 955
3670, 956
3673, 956
3675, 957
3676, 957
3678, 958
3680, 958
3683, 959
3684, 959
3686, 960
3688, 960
3692, 961
3695, 962
3696, 962
3698, 963
3700, 963
3703, 964
3705, 964
3706, 965
3708, 965
3711, 966
3713, 966
3714, 967
3716, 967
3718, 968
3721, 968
3722, 969
3724, 969
3727, 970
3728, 970
3730, 971
3733, 972
3734, 972
3736, 972
3739, 973
3741, 974
3742, 974
3744, 974
3748, 976
3751, 976
3753, 977
3754, 977
3756, 978
3759, 978
3761, 979
3764, 980
3765, 980
3767, 980
3775, 982
3776, 983
3778, 983
3780, 984
3783, 984
3785, 985
3786, 985
3788, 986
3791, 986
3793, 987
3794, 987
3796, 988
3798, 988
3801, 989
3803, 990
3804, 990
3806, 990
3809, 991
3811, 992
3813, 992
3814, 992
3816, 993
3819, 994
3821, 994
3822, 994
3824, 995
3827, 996
3829, 996
3830, 997
3832, 997
3835, 998
3837, 998
3838, 999
3840, 999
3843, 1000
3845, 1000
3846, 1001
3848, 1001
3850, 1002
3853, 1002
3855, 1003
3857, 1004
3860, 1004
3861, 1005
3863, 1005
3865, 1006
3868, 1006
3869, 1007
3871, 1007
3873, 1008
3876, 1008
3877, 1009
3879, 1009
3881, 1010
3884, 1010
3885, 1011
3887, 1011
3889, 1012
3892, 1012
3894, 1013
3895, 1013
3897, 1014
3900, 1014
3901, 1015
3903, 1015
3905, 1016
3908, 1017
3910, 1017
3911, 1018
3914, 1018
3915, 1019
3919, 1020
3922, 1020
3923, 1021
3925, 1021
3927, 1022
3930, 1022
3931, 1023
3934, 1024
3936, 1024
3942, 1026
3943, 1026
3945, 1026
3948, 1027
3949, 1027
3952, 1028
3954, 1029
3956, 1029
3959, 1030
3960, 1030
3964, 1031
3965, 1032
3967, 1032
3970, 1033
3972, 1033
3974, 1034
3976, 1034
3979, 1035
3980, 1035
3982, 1036
3985, 1036
3987, 1037
3988, 1037
3990, 1038
3993, 1039
3994, 1039
3996, 1040
3999, 1040
4001, 1041
4003, 1041
4004, 1042
4006, 1042
4009, 1043
4010, 1043
4012, 1044
4014, 1044
4017, 1045
4020, 1046
4021, 1046
4023, 1047
4025, 1047
4028, 1048
4029, 1048
4031, 1049
4033, 1049
4036, 1050
4038, 1050
4039, 1051
4041, 1051
4043, 1052
4046, 1052
4047, 1053
4049, 1054
4051, 1054
4054, 1054
4055, 1055
4057, 1056
4059, 1056
4061, 1056
4063, 1057
4065, 1058
4068, 1058
4069, 1058
4071, 1059
4077, 1060
4079, 1061
4080, 1062
4082, 1062
4084, 1062
4087, 1063
4089, 1064
4090, 1064
4092, 1065
4095, 1065
4097, 1066
4098, 1066
4100, 1067
4103, 1067
4105, 1068
4106, 1068
4108, 1069
4113, 1070
4115, 1070
4116, 1071
4118, 1072
4121, 1072
4122, 1072
4124, 1073
4126, 1074
4129, 1074
4131, 1074
4132, 1075
4135, 1076
4136, 1076
4138, 1076
4141, 1077
4142, 1077
4144, 1078
4146, 1078
4148, 1079
4151, 1080
4152, 1080
4155, 1081
4157, 1081
4160, 1082
4162, 1082
4163, 1083
4165, 1083
4168, 1084
4170, 1084
4171, 1085
4173, 1085
4176, 1086
4178, 1086
4179, 1087
4181, 1088
4183, 1088
4186, 1089
4187, 1089
4189, 1090
4191, 1090
4194, 1091
4195, 1091
4198, 1092
4200, 1092
4201, 1093
4203, 1093
4205, 1094
4207, 1094
4209, 1095
4211, 1095
4214, 1096
4217, 1097
4218, 1097
4220, 1098
4222, 1098
4225, 1099
4226, 1099
4228, 1100
4230, 1100
4233, 1101
4234, 1101
4237, 1102
4239, 1102
4240, 1102
4242, 1103
4245, 1104
4247, 1104
4248, 1105
4250, 1105
4252, 1106
4255, 1106
4256, 1107
4259, 1107
4262, 1108
4264, 1108
4265, 1109
4267, 1109
4280, 1113
4281, 1113
4283, 1114
4286, 1114
4287, 1115
4289, 1115
4291, 1116
4295, 1117
4297, 1117
4299, 1118
4305, 1119
4307, 1120
4308, 1120
4310, 1121
4313, 1121
4315, 1122
4316, 1122
4318, 1123
4320, 1123
4323, 1124
4324, 1124
4326, 1125
4328, 1125
4331, 1126
4333, 1126
4334, 1127
4336, 1127
4338, 1128
4341, 1128
4343, 1129
4344, 1129
4346, 1130
4349, 1130
4350, 1131
4352, 1131
4354, 1132
4356, 1132
4359, 1133
4361, 1133
4362, 1134
4364, 1134
4367, 1135
4369, 1135
4370, 1136
4372, 1136
4374, 1137
4377, 1137
4378, 1138
4380, 1138
4382, 1139
4385, 1140
4386, 1140
4388, 1140
4390, 1141
4393, 1142
4395, 1142
4398, 1143
4406, 1145
4409, 1146
4411, 1146
4413, 1147
4415, 1147
4416, 1148
4418, 1148
4420, 1149
4422, 1149
4424, 1150
4426, 1150
4428, 1151
4431, 1151
4436, 1153
4438, 1153
4441, 1154
4443, 1154
4444, 1155
4446, 1155
4448, 1156
4451, 1156
4452, 1157
4454, 1157
4457, 1158
4460, 1159
4462, 1159
4465, 1160
4470, 1162
4472, 1162
4475, 1163
4477, 1163
4479, 1164
4482, 1164
4483, 1165
4485, 1165
4487, 1166
4490, 1166
4492, 1167
4493, 1168
4495, 1168
4497, 1169
4500, 1169
4501, 1170
4503, 1170
4505, 1171
4507, 1171
4510, 1172
4511, 1172
4513, 1173
4515, 1173
4518, 1174
4520, 1174
4521, 1175
4523, 1175
4525, 1176
4528, 1176
4530, 1177
4531, 1177
4533, 1178
4536, 1178
4538, 1179
4539, 1179
4541, 1180
4543, 1180
4546, 1181
4547, 1181
4549, 1182
4551, 1182
4554, 1183
4555, 1183
4558, 1184
4559, 1184
4561, 1185
4563, 1186
4565, 1186
4567, 1186
4569, 1187
4571, 1188
4574, 1188
4576, 1189
4577, 1189
4579, 1190
4581, 1190
4583, 1191
4585, 1191
4587, 1192
4589, 1192
4592, 1193
4594, 1194
4595, 1194
4598, 1195
4599, 1195
4601, 1195
4603, 1196
4606, 1197
4608, 1197
4610, 1198
4613, 1198
4614, 1199
4617, 1199
4618, 1200
4620, 1200
4622, 1201
4625, 1201
4626, 1202
4630, 1203
4631, 1203
4633, 1204
4636, 1204
4638, 1205
4639, 1205
4641, 1206
4643, 1206
4646, 1207
4651, 1208
4654, 1209
4656, 1210
4657, 1210
4659, 1210
4661, 1211
4664, 1212
4667, 1212
4669, 1213
4670, 1213
4672, 1214
4675, 1214
4677, 1215
4679, 1216
4682, 1216
4683, 1217
4685, 1217
4687, 1218
4690, 1218
4691, 1219
4693, 1219
4700, 1221
4701, 1221
4704, 1222
4706, 1222
4708, 1223
4710, 1224
4713, 1224
4715, 1225
4716, 1225
4719, 1226
4721, 1226
4722, 1227
4724, 1227
4727, 1228
4728, 1228
4730, 1229
4733, 1229
4734, 1230
4736, 1230
4739, 1231
4740, 1231
4742, 1232
4744, 1232
4746, 1233
4749, 1234
4750, 1234
4752, 1235
4754, 1235
4757, 1236
4761, 1237
4762, 1237
4764, 1238
4766, 1238
4769, 1239
4770, 1239
4772, 1240
4774, 1240
4777, 1241
4778, 1241
4781, 1242
4783, 1243
4784, 1243
4786, 1243
4789, 1244
4790, 1244
4792, 1245
4794, 1246
4797, 1246
4798, 1246
4800, 1247
4803, 1248
4804, 1248
4809, 1249
4811, 1250
4812, 1250
4814, 1250
4816, 1251
4818, 1252
4821, 1252
4822, 1252
4825, 1253
4827, 1254
4829, 1254
4832, 1255
4833, 1255
4835, 1256
4837, 1256
4840, 1257
4841, 1257
4843, 1258
4845, 1258
4848, 1259
4849, 1260
4851, 1260
4853, 1260
4855, 1261
4858, 1262
4860, 1262
4861, 1263
4863, 1263
4865, 1264
4868, 1264
4869, 1265
4871, 1265
4873, 1266
4876, 1266
4877, 1267
4879, 1267
4881, 1268
4884, 1268
4886, 1269
4887, 1269
4889, 1270
4891, 1270
4894, 1271
4895, 1271
4897, 1272
4900, 1272
4901, 1273
4903, 1273
4906, 1274
4908, 1274
4909, 1275
4911, 1275
4913, 1276
4916, 1276
4917, 1277
4920, 1278
4922, 1278
4925, 1279
4926, 1279
4928, 1280
4930, 1280
4932, 1281
4935, 1281
4937, 1282
4938, 1282
4940, 1283
4942, 1283
4944, 1284
4946, 1284
4948, 1285
4951, 1285
4953, 1286
4954, 1286
4956, 1287
4959, 1288
4963, 1288
4964, 1289
4966, 1290
4968, 1290
4971, 1291
4972, 1291
4975, 1292
4976, 1292
4978, 1292
4980, 1293
4983, 1294
4984, 1294
4986, 1294
4988, 1295
4993, 1296
4996, 1297
4997, 1297
4999, 1298
5001, 1298
